,Supplier_Lead_Time,Inventory_Levels,Order_Frequency,Delivery_Performance,Cost_Per_Unit
Supplier_Lead_Time,1.0,0.29664127558950426,-0.9338654003161239,-0.9093509959529235,0.9578545213506452
Inventory_Levels,0.29664127558950426,1.0,-0.20917549583336714,-0.312697973378885,0.34168193779873623
Order_Frequency,-0.9338654003161239,-0.20917549583336714,1.0,0.8509521137306074,-0.8988423938403892
Delivery_Performance,-0.9093509959529235,-0.312697973378885,0.8509521137306074,1.0,-0.9053616347980408
Cost_Per_Unit,0.9578545213506452,0.34168193779873623,-0.8988423938403892,-0.9053616347980408,1.0
